Workbook

Sheet Premissas e Volumes
A1: SMARTGOV 360 - PREMISSAS DE USO E VOLUMES ESTIMADOS
A2: Prefeitura Municipal de Ferraz de Vasconcelos - SP
A4: PARÂMETRO | B4: VALOR | C4: OBSERVAÇÃO
A5: Usuários cadastrados | B5: 100000 | C5: Capacidade inicial contratada
A6: Taxa de ativação mensal | B6: 0.4 | C6: Percentual de usuários que abrem ocorrências no mês
A7: Usuários ativos/mês | B7: =B5*B6 -> 40000 | C7: Calculado: B5 × B6
A8: Ocorrências por usuário ativo | B8: 2 | C8: Média mensal estimada
A9: Total de ocorrências/mês | B9: =B7*B8 -> 80000 | C9: Calculado: B7 × B8
A10: Ocorrências com foto (%) | B10: 0.6 | C10: 60% dos registros incluem imagem
A11: Ocorrências com foto | B11: =B9*B10 -> 48000 | C11: Calculado: B9 × B10
A12: Ocorrências somente texto | B12: =B9*(1-B10) -> 32000 | C12: Calculado: B9 × (1 − B10)
A13: Atualizações de status por ocorrência | B13: 2 | C13: Média (análise → andamento → resolvido)
A14: Total de atualizações de status/mês | B14: =B9*B13 -> 160000 | C14: Calculado: B9 × B13
A15: Notificações por ocorrência (criação) | B15: =B9 -> 80000 | C15: 1 notificação por ocorrência criada (=B9)
A16: Notificações por atualização de status | B16: =B14 -> 160000 | C16: 1 notificação por atualização de status (=B14)
A17: Total de e-mails/mês | B17: =B15+B16 -> 240000 | C17: Calculado: B15 + B16
A18: Total de mensagens WhatsApp/mês | B18: =B15+B16 -> 240000 | C18: Calculado: B15 + B16
A19: Cotação USD/BRL (ago/2026) | B19: 5.22 | C19: Fonte: Investing.com

Sheet Custos Operacionais
A1: CUSTOS OPERACIONAIS MENSAIS - DETALHAMENTO POR SERVIÇO
A3: OPENAI API (Classificação por IA)
A4: Item | B4: Modelo | C4: Volume | D4: Preço unitário (USD) | E4: Subtotal (USD) | F4: Subtotal (BRL) | G4: Detalhes
A5: Classificação por texto (input) | B5: gpt-4o-mini | C5: ='Premissas e Volumes'!B12*700 -> 22400000 | D5: 1.5e-07 | E5: =C5*D5 -> 3.36 | F5: =E5*'Premissas e Volumes'!$B$19 -> 17.5392 | G5: Ocorrências texto × 700 tokens (input)
A6: Classificação por texto (output) | B6: gpt-4o-mini | C6: ='Premissas e Volumes'!B12*100 -> 3200000 | D6: 6e-07 | E6: =C6*D6 -> 1.92 | F6: =E6*'Premissas e Volumes'!$B$19 -> 10.0224 | G6: Ocorrências texto × 100 tokens (output)
A7: Classificação por imagem (input) | B7: gpt-4.1-mini | C7: ='Premissas e Volumes'!B11*4700 -> 225600000 | D7: 4e-07 | E7: =C7*D7 -> 90.24 | F7: =E7*'Premissas e Volumes'!$B$19 -> 471.0528 | G7: Ocorrências com foto × 4.700 tokens (input)
A8: Classificação por imagem (output) | B8: gpt-4.1-mini | C8: ='Premissas e Volumes'!B11*100 -> 4800000 | D8: 1.6e-06 | E8: =C8*D8 -> 7.68 | F8: =E8*'Premissas e Volumes'!$B$19 -> 40.0896 | G8: Ocorrências com foto × 100 tokens (output)
A9: SUBTOTAL OPENAI | E9: =SUM(E5:E8) -> 103.2 | F9: =SUM(F5:F8) -> 538.704
A11: TWILIO + META WHATSAPP (Notificações WhatsApp)
A12: Item | B12: Fornecedor | C12: Volume | D12: Preço unitário (USD) | E12: Subtotal (USD) | F12: Subtotal (BRL) | G12: Detalhes
A13: Taxa por mensagem (Twilio) | B13: Twilio | C13: ='Premissas e Volumes'!B18 -> 240000 | D13: 0.005 | E13: =C13*D13 -> 1200 | F13: =E13*'Premissas e Volumes'!$B$19 -> 6264 | G13: Taxa fixa Twilio por msg enviada
A14: Taxa por template utilitário (Meta) | B14: Meta/WhatsApp | C14: ='Premissas e Volumes'!B18 -> 240000 | D14: =0.05/'Premissas e Volumes'!$B$19 -> 0.0095785441 | E14: =C14*D14 -> 2298.8506 | F14: =E14*'Premissas e Volumes'!$B$19 -> 12000 | G14: ~R$ 0,05/msg utility (Brasil)
A15: Número telefônico (sender) | B15: Twilio | C15: 1 | D15: 1.15 | E15: =C15*D15 -> 1.15 | F15: =E15*'Premissas e Volumes'!$B$19 -> 6.003 | G15: Número WhatsApp Business registrado
A16: SUBTOTAL TWILIO/WHATSAPP | E16: =SUM(E13:E15) -> 3500.0006 | F16: =SUM(F13:F15) -> 18270.003
A18: E-MAIL (Notificações por e-mail)
A19: Item | B19: Fornecedor | C19: Volume | D19: Preço unitário (USD) | E19: Subtotal (USD) | F19: Subtotal (BRL) | G19: Detalhes
A20: Plano Pro (recomendado produção) | B20: Resend | C20: 50.000 emails/mês | D20: 20 | E20: 20 | F20: =E20*'Premissas e Volumes'!$B$19 -> 104.4 | G20: Inclui domínio customizado e logs
A21: Gmail SMTP (alternativa gratuita) | B21: Google | C21: ~15.000 emails/mês | D21: 0 | E21: 0 | F21: 0 | G21: Limite 500/dia; sem garantia de entrega
A22: Resend Free (alternativa gratuita) | B22: Resend | C22: 3.000 emails/mês | D22: 0 | E22: 0 | F22: 0 | G22: Limite 100/dia; suficiente p/ baixo volume
A23: SUBTOTAL E-MAIL (Resend Pro) | E23: =E20 -> 20 | F23: =E23*'Premissas e Volumes'!$B$19 -> 104.4
A25: INFRAESTRUTURA (Hospedagem e Domínio)
A26: Item | B26: Fornecedor | C26: Plano | D26: Preço unitário (USD) | E26: Subtotal (USD) | F26: Subtotal (BRL) | G26: Detalhes
A27: Servidor cloud (VPS) | B27: DigitalOcean/Render | C27: Basic (1 vCPU, 1GB) | D27: 12 | E27: 12 | F27: =E27*'Premissas e Volumes'!$B$19 -> 62.64 | G27: Node.js + Express; suficiente p/ 1000 usuários
A28: Domínio .gov.br ou .com.br | B28: Registro.br | C28: Anual (rateio mensal) | D28: 1 | E28: 1 | F28: =E28*'Premissas e Volumes'!$B$19 -> 5.22 | G28: ~R$ 40-65/ano = ~R$ 5/mês
A29: Certificado SSL | B29: Let's Encrypt | C29: Gratuito | D29: 0 | E29: 0 | F29: =E29*'Premissas e Volumes'!$B$19 -> 0 | G29: Renovação automática
A30: SUBTOTAL INFRAESTRUTURA | E30: =SUM(E27:E29) -> 13 | F30: =SUM(F27:F29) -> 67.86
A32: CUSTO OPERACIONAL MENSAL TOTAL | E32: =E9+E16+E23+E30 -> 3636.2006 | F32: =F9+F16+F23+F30 -> 18980.967
A33: CUSTO OPERACIONAL ANUAL ESTIMADO | E33: =E32*12 -> 43634.407 | F33: =F32*12 -> 227771.6
A35: COMPOSIÇÃO DOS CUSTOS
A36: Serviço | B36: Valor (R$) | C36: % do Total
A37: OpenAI (IA) | B37: =F9 -> 538.704 | C37: =B37/$F$32 -> 0.028381273
A38: Twilio/WhatsApp | B38: =F16 -> 18270.003 | C38: =B38/$F$32 -> 0.96254332
A39: E-mail (Resend Pro) | B39: =F23 -> 104.4 | C39: =B39/$F$32 -> 0.0055002466
A40: Infraestrutura | B40: =F30 -> 67.86 | C40: =B40/$F$32 -> 0.0035751603

Sheet Cenários de Uso
A1: CENÁRIOS DE CUSTO MENSAL POR VOLUME DE USO
A3: Métrica | B3: Conservador | C3: Moderado (base) | D3: Alto | E3: Pico máximo
A4: Usuários ativos/mês | B4: ='Premissas e Volumes'!$B$5*B19 -> 20000 | C4: ='Premissas e Volumes'!$B$5*C19 -> 40000 | D4: ='Premissas e Volumes'!$B$5*D19 -> 60000 | E4: ='Premissas e Volumes'!$B$5*E19 -> 80000
A5: Ocorrências/mês | B5: =B4*B20 -> 30000 | C5: =C4*C20 -> 80000 | D5: =D4*D20 -> 180000 | E5: =E4*E20 -> 320000
A6: Ocorrências com foto | B6: =B5*B21 -> 15000 | C6: =C5*C21 -> 48000 | D6: =D5*D21 -> 117000 | E6: =E5*E21 -> 224000
A7: Notificações/mês (por canal) | B7: =B5*(1+'Premissas e Volumes'!$B$13) -> 90000 | C7: =C5*(1+'Premissas e Volumes'!$B$13) -> 240000 | D7: =D5*(1+'Premissas e Volumes'!$B$13) -> 540000 | E7: =E5*(1+'Premissas e Volumes'!$B$13) -> 960000
A9: Custo OpenAI (R$) | B9: =((B5-B6)*(700*'Custos Operacionais'!$D$5+100*'Custos Operacionais'!$D$6)+B6*(4700*'Custos Operacionais'!$D$7+100*'Custos Operacionais'!$D$8))*'Premissas e Volumes'!$B$19 -> 172.6515 | C9: =((C5-C6)*(700*'Custos Operacionais'!$D$5+100*'Custos Operacionais'!$D$6)+C6*(4700*'Custos Operacionais'!$D$7+100*'Custos Operacionais'!$D$8))*'Premissas e Volumes'!$B$19 -> 538.704 | D9: =((D5-D6)*(700*'Custos Operacionais'!$D$5+100*'Custos Operacionais'!$D$6)+D6*(4700*'Custos Operacionais'!$D$7+100*'Custos Operacionais'!$D$8))*'Premissas e Volumes'!$B$19 -> 1300.1715 | E9: =((E5-E6)*(700*'Custos Operacionais'!$D$5+100*'Custos Operacionais'!$D$6)+E6*(4700*'Custos Operacionais'!$D$7+100*'Custos Operacionais'!$D$8))*'Premissas e Volumes'!$B$19 -> 2468.016
A10: Custo Twilio/WhatsApp (R$) | B10: =(B7*'Custos Operacionais'!$D$13+B7*0.05/'Premissas e Volumes'!$B$19+'Custos Operacionais'!$E$15)*'Premissas e Volumes'!$B$19 -> 6855.003 | C10: =(C7*'Custos Operacionais'!$D$13+C7*0.05/'Premissas e Volumes'!$B$19+'Custos Operacionais'!$E$15)*'Premissas e Volumes'!$B$19 -> 18270.003 | D10: =(D7*'Custos Operacionais'!$D$13+D7*0.05/'Premissas e Volumes'!$B$19+'Custos Operacionais'!$E$15)*'Premissas e Volumes'!$B$19 -> 41100.003 | E10: =(E7*'Custos Operacionais'!$D$13+E7*0.05/'Premissas e Volumes'!$B$19+'Custos Operacionais'!$E$15)*'Premissas e Volumes'!$B$19 -> 73062.003
A11: Custo E-mail (R$) | B11: =IF(B7<=3000,0,20*'Premissas e Volumes'!$B$19) -> 104.4 | C11: =IF(C7<=3000,0,20*'Premissas e Volumes'!$B$19) -> 104.4 | D11: =IF(D7<=3000,0,20*'Premissas e Volumes'!$B$19) -> 104.4 | E11: =IF(E7<=3000,0,20*'Premissas e Volumes'!$B$19) -> 104.4
A12: Plano de e-mail utilizado | B12: =IF(B7<=3000,"Free","Pro ($20)") -> Pro ($20) | C12: =IF(C7<=3000,"Free","Pro ($20)") -> Pro ($20) | D12: =IF(D7<=3000,"Free","Pro ($20)") -> Pro ($20) | E12: =IF(E7<=3000,"Free","Pro ($20)") -> Pro ($20)
A13: Custo Infraestrutura (R$) | B13: ='Custos Operacionais'!F30 -> 67.86 | C13: ='Custos Operacionais'!F30 -> 67.86 | D13: ='Custos Operacionais'!F30 -> 67.86 | E13: ='Custos Operacionais'!F30 -> 67.86
A15: CUSTO MENSAL TOTAL (R$) | B15: =B9+B10+B11+B13 -> 7199.9145 | C15: =C9+C10+C11+C13 -> 18980.967 | D15: =D9+D10+D11+D13 -> 42572.434 | E15: =E9+E10+E11+E13 -> 75702.279
A16: CUSTO ANUAL ESTIMADO (R$) | B16: =B15*12 -> 86398.974 | C16: =C15*12 -> 227771.6 | D16: =D15*12 -> 510869.21 | E16: =E15*12 -> 908427.35
A18: PARÂMETROS POR CENÁRIO
A19: Taxa de ativação (%) | B19: 0.2 | C19: ='Premissas e Volumes'!B6 -> 0.4 | D19: 0.6 | E19: 0.8
A20: Ocorrências por usuário ativo | B20: 1.5 | C20: ='Premissas e Volumes'!B8 -> 2 | D20: 3 | E20: 4
A21: Taxa com foto (%) | B21: 0.5 | C21: ='Premissas e Volumes'!B10 -> 0.6 | D21: 0.65 | E21: 0.7
